metric,mean,std,ci_95_lower,ci_95_upper,ci_99_lower,ci_99_upper
accuracy,0.9475877192982457,0.021544643608228976,0.9035087719298246,0.9824561403508771,0.8859649122807017,0.9912280701754386
precision,0.8907937199704993,0.04875939674265581,0.78,0.9777898550724637,0.7608152173913044,1.0
recall,0.9773022424759084,0.02303680986667487,0.9230769230769231,1.0,0.9,1.0
f1,0.9312338251090919,0.02939595873924266,0.8674497991967872,0.9803921568627451,0.8408937346437347,0.9900999711621646
roc_auc,0.992836556817145,0.004614272531733172,0.9815789551062654,0.999375,0.9745623063465806,1.0
pr_auc,0.9880438262715708,0.00795481918290534,0.968916310655197,0.9991054345572543,0.9590620957272138,1.0
