metric,mean,std,min,max
accuracy,0.9208791208791208,0.025441399786352164,0.8901098901098901,0.9560439560439561
precision,0.8530072582704161,0.03409773708335154,0.8157894736842105,0.8947368421052632
recall,0.9529411764705882,0.029994232432898744,0.9117647058823529,1.0
f1,0.90014684760006,0.03171165509651669,0.861111111111111,0.9444444444444444
roc_auc,0.9813209494324046,0.01506990657277346,0.9602683178534571,1.0
