{
  "timestamp": "2025-08-11T09:31:09.950747",
  "reference_performance": {
    "accuracy": 0.9208791208791208,
    "precision": 0.9926470588235294,
    "recall": 0.7941176470588235,
    "f1": 0.8823529411764706
  },
  "current_performance": {
    "accuracy": 0.8859649122807017,
    "precision": 1.0,
    "recall": 0.6904761904761905,
    "f1": 0.8169014084507042
  },
  "performance_drift": {
    "accuracy_drift": -0.03791399740401119,
    "precision_drift": 0.007407407407407381,
    "recall_drift": -0.13051146384479714,
    "f1_drift": -0.0741784037558685
  },
  "summary": {
    "total_samples": 0,
    "positive_class_samples": 0,
    "negative_class_samples": 0
  },
  "confusion_matrix": {
    "reference": {},
    "current": {}
  },
  "class_performance": {
    "reference": {
      "metrics": {
        "0": {
          "precision": 0.890282131661442,
          "recall": 0.9964912280701754,
          "f1": 0.9403973509933774,
          "support": 285.0
        },
        "1": {
          "precision": 0.9926470588235294,
          "recall": 0.7941176470588235,
          "f1": 0.8823529411764706,
          "support": 170.0
        }
      },
      "roc_aucs": null
    },
    "current": {
      "metrics": {
        "0": {
          "precision": 0.8470588235294118,
          "recall": 1.0,
          "f1": 0.9171974522292993,
          "support": 72.0
        },
        "1": {
          "precision": 1.0,
          "recall": 0.6904761904761905,
          "f1": 0.8169014084507042,
          "support": 42.0
        }
      },
      "roc_aucs": null
    }
  }
}
