Search_Method,Best_CV_Recall,Best_CV_F1,Best_CV_Accuracy,Test_Recall,Test_F1,Test_Precision,Test_Accuracy,Test_ROC_AUC,Test_PR_AUC,N_Iterations,Best_Params
GridSearch,0.9529411764705882,0.90014684760006,0.9208791208791208,1.0,0.9655172413793104,0.9333333333333333,0.9736842105263158,0.996031746031746,0.9934275119491067,96,"{'C': 0.01, 'class_weight': None, 'max_iter': 1000, 'penalty': 'l1', 'solver': 'liblinear'}"
RandomSearch,0.9411764705882353,0.9434472603270556,0.9582417582417582,0.9523809523809523,0.9523809523809523,0.9523809523809523,0.9649122807017544,0.9986772486772486,0.997810329205678,50,"{'solver': 'saga', 'penalty': 'l1', 'max_iter': 2000, 'l1_ratio': 0.3, 'class_weight': 'balanced', 'C': 0.23357214690901212}"
